question,answer,category,intent_id,variant_group,status
what is pcos,"PCOS stands for Polycystic Ovary Syndrome. It is a complex hormonal condition that affects how the ovaries function and how hormone signals interact across the body. Although the name refers to ovaries, PCOS is not only an ovarian condition because it can also influence menstrual cycles, ovulation, skin changes, hair growth, metabolism, insulin response and emotional wellbeing. Research describes PCOS as a heterogeneous condition, meaning symptoms do not appear in exactly the same way for everyone. Some women experience irregular periods and acne, while others notice fatigue, weight changes, hair thinning or facial hair growth. Current literature links PCOS to hormone imbalance, insulin-related processes, genetic influence and disrupted ovulation patterns, although one single cause has not been confirmed. HerSignal does not diagnose PCOS, but helps women explore symptom patterns in a clearer educational way while recognising that many women often feel unheard before receiving proper support.",basics,pcos_definition,basics,active
what does pcos mean,"PCOS means Polycystic Ovary Syndrome. The term describes a hormonal condition linked to irregular ovulation, androgen-related symptoms and metabolic changes, although not everyone experiences all of these features together. The word polycystic can sound misleading because many people with PCOS do not actually have ovarian cysts visible on ultrasound. Clinical diagnosis usually depends on broader symptom patterns rather than one single feature alone. HerSignal explains these patterns carefully because many women first encounter confusion when symptoms do not match one obvious textbook description.",basics,pcos_definition,basics,active
what is polycystic ovary syndrome,"Polycystic Ovary Syndrome is a hormonal and metabolic condition commonly discussed in reproductive health because it affects ovulation, menstrual timing and hormone balance. However, modern research also recognises that it can affect skin, hair, insulin sensitivity, inflammation and emotional wellbeing. Clinical literature explains that PCOS often presents differently across individuals, which is why some women experience delayed diagnosis. HerSignal is designed to reflect that symptom variation in a way that remains educational rather than diagnostic.",basics,pcos_definition,basics,active
what causes pcos,"The exact cause of PCOS is still not fully understood, but current research often links it to several interacting factors rather than one single cause. These include hormone regulation changes, insulin resistance, genetic influence, androgen activity and disruption in ovulation signalling. Family history may increase likelihood in some individuals, suggesting that inherited biological tendencies may contribute. Researchers also describe metabolic processes as important because insulin can influence hormone production in ways that affect ovulation and symptom development. Because causes are complex, PCOS should not be reduced to one explanation alone.",basics,pcos_causes,basics,active
why does pcos happen,"PCOS happens through a combination of biological processes that affect hormone balance, ovulation and metabolism. Research often shows that insulin-related activity, androgen production and ovarian signalling may interact in ways that disturb the normal menstrual cycle. In some women, this leads to irregular ovulation, while in others it appears more strongly through skin changes, hair growth or fatigue. Genetics may also play a role because PCOS can appear more often within families. The condition is still being studied because symptom variation remains one of its most complex features.",basics,pcos_causes,basics,active
is pcos common,"PCOS is considered one of the most commonly discussed hormonal conditions affecting women of reproductive age. Many studies estimate that it affects a significant proportion of women globally, although exact numbers vary depending on diagnostic criteria used. Some women remain undiagnosed for years because symptoms may be mistaken for unrelated issues such as stress, weight fluctuation or normal cycle variation. This is one reason educational awareness remains important.",basics,pcos_prevalence,basics,active
can pcos cause irregular periods,"PCOS can cause irregular periods because hormone signals involved in ovulation may become disrupted. When ovulation does not happen regularly, menstrual cycles may become delayed, unpredictable or widely spaced apart. Some women experience very long cycles, while others notice missed periods altogether. This does not always happen in the same way for everyone, which is why symptom context matters.",symptoms_hormonal,period_irregularity,hormonal,active
can pcos cause acne,"PCOS can contribute to acne because increased androgen activity may stimulate oil production in the skin. This often affects areas such as the jawline, chin, cheeks or lower face, although patterns vary. Some women notice persistent acne that does not fully respond to ordinary skincare approaches, especially when hormone fluctuations are involved. Skin symptoms can overlap with other causes too, so context always matters.",symptoms_hormonal,acne_with_pcos,hormonal,active
can pcos cause facial hair,"Some women with PCOS experience increased facial hair because androgen levels or androgen sensitivity may influence hair growth patterns. This commonly appears around the chin, upper lip, jawline or sideburn area. Research often refers to this as hirsutism when hair growth becomes more noticeable in androgen-sensitive areas. It can feel emotionally difficult for many women, which is why symptom discussion should remain sensitive and non-judgmental.",symptoms_hormonal,excess_hair_growth,hormonal,active
can pcos cause hair loss,"PCOS can be linked to scalp hair thinning because hormone changes may affect how hair follicles behave over time. Some women notice widening around the centre parting, increased shedding or reduced hair density near the crown. This does not affect everyone equally, and severity varies depending on hormonal pattern and individual sensitivity.",symptoms_hormonal,scalp_hair_thinning,hormonal,active
can pcos cause weight gain,"Some women with PCOS notice weight changes or difficulty managing weight, particularly when insulin-related symptoms are involved. Research often links this to metabolic differences rather than simply lifestyle alone. Appetite fluctuations, fatigue, cravings and blood sugar changes may also influence this experience. It is important to recognise that not everyone with PCOS gains weight, and symptom patterns vary widely.",symptoms_metabolic,weight_changes_with_pcos,metabolic,active
can pcos cause fatigue,"Fatigue can appear alongside PCOS-related symptoms for some women, especially when sleep quality, blood sugar changes, inflammation, stress or hormone disruption are also present. Some women describe feeling tired even when other symptoms seem mild. Because fatigue can overlap with many other conditions, it should always be interpreted carefully.",symptoms_metabolic,fatigue_with_pcos,metabolic,active
can pcos cause insulin resistance,"PCOS is frequently discussed alongside insulin resistance because insulin may affect how hormones are produced and regulated in the body. When insulin becomes less effective, the body may produce more of it, which can influence androgen levels and metabolic symptoms. This may contribute to fatigue, cravings, weight difficulty or darkened skin changes in some individuals.",symptoms_metabolic,insulin_resistance_with_pcos,metabolic,active
can pcos affect mood,"PCOS-related symptoms can overlap with mood changes for some women because hormonal disruption, fatigue, body image stress and uncertainty around symptoms may all contribute emotionally. Research increasingly recognises that living with unclear symptoms can affect confidence and mental wellbeing. Emotional impact deserves attention alongside physical symptoms.",management,emotional_wellbeing_with_pcos,management,active
how can i manage pcos symptoms,"Managing PCOS symptoms usually involves understanding which symptoms are most dominant and responding in a sustainable way. Support often includes symptom tracking, balanced eating habits, movement, sleep support, stress reduction and professional medical guidance where appropriate. Because symptom patterns differ, management usually works best when tailored rather than copied from one universal method.",management,manage_pcos_basics,management,active
can pcos affect fertility,"PCOS can affect fertility mainly because ovulation may not happen regularly. When ovulation becomes unpredictable, conception may take longer for some women. However, PCOS does not automatically mean infertility. Many people with PCOS conceive naturally, while others may need additional support depending on their ovulation pattern and wider health context.",fertility,fertility_with_pcos,fertility,active
can supplements help pcos,"Some supplements are commonly discussed in PCOS education, especially where metabolism, insulin support or nutrient deficiency are involved. Inositol and vitamin D are often mentioned in research discussions, but responses differ between individuals. Supplements should not be treated as universal treatment and should be approached carefully, especially when symptoms are complex or other health conditions are present.",supplements,general_supplement_questions,supplements,active
can this chatbot diagnose pcos,"HerSignal is an educational support tool designed to help women understand symptom patterns associated with PCOS more clearly. It does not diagnose PCOS, replace blood tests, ultrasound assessment or medical consultation. Its purpose is to support symptom awareness while encouraging informed conversations with qualified healthcare professionals where needed.",safety,not_diagnostic,safety,active
can pcos stop periods,"PCOS can lead to very infrequent periods or missed periods because ovulation may not happen regularly. When hormone signals involved in the menstrual cycle become disrupted, the lining of the uterus may not shed in a predictable monthly pattern. Some women notice long gaps between cycles, while others experience months without bleeding. This does not automatically confirm PCOS because other hormonal conditions can also affect cycle timing, which is why wider symptom context matters.",symptoms_hormonal,period_irregularity,hormonal,active
can pcos cause missed periods,"PCOS can cause missed periods because irregular ovulation changes the timing of the menstrual cycle. Instead of a predictable monthly cycle, some women experience delayed bleeding, skipped cycles or very long cycle intervals. Clinical literature often treats menstrual irregularity as one of the most recognised features of PCOS, although not everyone experiences it in the same way.",symptoms_hormonal,period_irregularity,hormonal,active
can pcos cause painful periods,"Some women with PCOS do report painful periods, although pain is not considered one of the defining symptoms on its own. Period pain may happen because cycles become irregular or because bleeding patterns change after delayed ovulation. However, significant pain can also overlap with other conditions such as endometriosis or adenomyosis, so severe discomfort should not automatically be assumed to come from PCOS alone.",symptoms_hormonal,period_irregularity,hormonal,active
can pcos affect ovulation,"PCOS can affect ovulation because hormone signals that normally help release an egg may become disrupted. In many cases the ovaries begin preparing follicles but ovulation does not complete regularly, which leads to delayed or absent egg release. This is one reason cycle timing becomes irregular and fertility may feel less predictable.",symptoms_hormonal,ovulation_irregularity,hormonal,active
why does pcos affect ovulation,"PCOS affects ovulation because hormone regulation involving luteinising hormone, follicle stimulation and androgen activity may become unbalanced. When these signals do not coordinate normally, ovulation may happen less often or not at expected times. Research often describes this as one of the core mechanisms behind many visible PCOS symptoms.",symptoms_hormonal,ovulation_irregularity,hormonal,active
can pcos cause bad acne,"PCOS can contribute to persistent acne when androgen activity affects oil production and skin inflammation. In some women this appears as deeper breakouts around the jawline, chin or lower cheeks, especially when symptoms continue beyond teenage years. Severity varies, and skin symptoms may become more noticeable during hormonal fluctuation.",symptoms_hormonal,acne_with_pcos,hormonal,active
can pcos cause chin hair,Some women with PCOS notice chin hair because androgen-sensitive hair follicles may respond more strongly to hormonal changes. Chin growth is one of the more commonly discussed visible signs because it often appears gradually and may become emotionally frustrating over time.,symptoms_hormonal,excess_hair_growth,hormonal,active
can pcos cause body hair,"PCOS can increase body hair growth in some women, particularly in androgen-sensitive areas such as the stomach, chest, lower back or thighs. This happens because androgen-related hormone activity can influence follicle behaviour differently across the body.",symptoms_hormonal,excess_hair_growth,hormonal,active
can pcos cause oily skin,"Hormonal changes linked to PCOS can increase skin oil production, especially when androgen activity is elevated. Some women notice oily skin alongside acne, enlarged pores or frequent breakouts, although severity differs between individuals.",symptoms_hormonal,oily_skin_with_pcos,hormonal,active
can pcos affect hormones,"PCOS is closely linked to hormone imbalance because it can alter androgen levels, ovulation signals and metabolic hormone interactions. These hormonal shifts help explain why symptoms often appear across several body systems rather than one single area.",symptoms_hormonal,hormone_imbalance,hormonal,active
why does pcos affect hormones,"PCOS affects hormones because ovarian signalling, insulin response and androgen production may interact in ways that disturb normal endocrine balance. This means cycle timing, skin behaviour, hair growth and metabolic responses may all be affected together.",symptoms_hormonal,hormone_imbalance,hormonal,active
is it hard to lose weight with pcos,"Some women with PCOS find weight management more difficult because insulin-related processes, appetite patterns, fatigue and metabolic efficiency may all interact differently. This does not mean weight change is impossible, but progress may feel slower or less predictable than expected.",symptoms_metabolic,weight_changes_with_pcos,metabolic,active
can pcos make it hard to lose weight,"PCOS can make weight loss feel harder for some individuals because insulin resistance, cravings, fatigue and hormonal fluctuation may influence metabolism and hunger regulation. Experiences differ widely, so no single pattern applies to everyone.",symptoms_metabolic,weight_changes_with_pcos,metabolic,active
can pcos cause cravings,"PCOS can be linked to cravings, especially when blood sugar changes or insulin-related symptoms are present. Some women describe stronger cravings for carbohydrates or sugary foods during periods of fatigue or hormonal fluctuation.",symptoms_metabolic,cravings_with_pcos,metabolic,active
can pcos cause sugar cravings,"Sugar cravings may appear when insulin-related patterns affect blood glucose regulation. In PCOS this can feel like fluctuating hunger, sudden tiredness or stronger desire for quick energy foods.",symptoms_metabolic,cravings_with_pcos,metabolic,active
can pcos make you tired,"PCOS-related fatigue may feel like persistent low energy, especially when sleep quality, insulin fluctuation, stress or inflammation overlap. Some women describe tiredness even when visible symptoms seem mild.",symptoms_metabolic,fatigue_with_pcos,metabolic,active
can pcos affect blood sugar,"PCOS is often discussed alongside insulin-related changes because insulin helps regulate how the body handles glucose. When insulin response becomes less efficient, blood sugar patterns may feel less stable.",symptoms_metabolic,blood_sugar_changes,metabolic,active
can pcos cause dark skin patches,"Some women with PCOS notice darker skin patches, especially around the neck, underarms or groin. This is often associated with insulin-related changes and is commonly referred to in clinical settings as acanthosis nigricans.",symptoms_metabolic,acanthosis_nigricans,metabolic,active
can pcos cause bloating,"Bloating is reported by some women with PCOS, although it is not considered a defining symptom on its own. It may overlap with hormone fluctuation, digestive sensitivity, inflammation or cycle changes.",symptoms_inflammatory,bloating_with_pcos,inflammatory,active
can pcos cause inflammation,"Research increasingly discusses PCOS alongside low-grade inflammatory processes. This does not mean inflammation always produces obvious symptoms, but it may contribute to fatigue, metabolic stress or wider symptom complexity.",symptoms_inflammatory,inflammation_with_pcos,inflammatory,active
can pcos cause headaches,"Some women with PCOS report headaches, especially when hormone fluctuation, blood sugar variation, stress or sleep disruption are present. Headaches alone are not enough to suggest PCOS because many other causes are possible.",symptoms_inflammatory,headaches_with_pcos,inflammatory,active
can pcos make me feel low,"Some women with PCOS describe feeling emotionally low, especially when symptoms feel persistent, confusing or difficult to explain. Hormonal changes, body image concerns and delayed answers can all contribute emotionally.",management,emotional_wellbeing_with_pcos,management,active
can pcos affect mental health,"Living with ongoing unexplained symptoms can affect mental wellbeing. Research increasingly recognises that PCOS may overlap with stress, anxiety, frustration and reduced confidence, especially when diagnosis takes time.",management,emotional_wellbeing_with_pcos,management,active
why do i feel confused about my symptoms,"PCOS symptoms often overlap with other hormonal, metabolic and inflammatory experiences, which means many people do not immediately recognise one clear pattern. This is one reason women often describe feeling dismissed or uncertain before receiving clearer explanation.",management,emotional_wellbeing_with_pcos,management,active
what helps pcos,"Support often works best when it focuses on symptom awareness, sustainable routines and medical guidance where needed. What helps one person may not work exactly the same for another because PCOS presents differently.",management,manage_pcos_basics,management,active
what lifestyle changes help pcos,"Lifestyle support often includes balanced meals, movement, sleep protection, stress reduction and symptom tracking. These changes are usually most helpful when they feel realistic rather than extreme.",management,pcos_lifestyle_support,management,active
can exercise help pcos,"Regular movement may support energy, insulin sensitivity and emotional wellbeing in some women with PCOS. The goal is usually consistency rather than intensity.",management,exercise_for_pcos,management,active
can diet help pcos,"Food choices may support symptom management, especially where blood sugar patterns and energy fluctuation are involved. There is no single universal PCOS diet, so flexibility matters.",management,diet_for_pcos,management,active
should i track my symptoms,"Tracking symptoms can help reveal patterns around periods, skin changes, cravings, fatigue, mood and hair changes over time. This often makes medical conversations clearer.",management,symptom_tracking,management,active
should i see a doctor for pcos symptoms,"It is sensible to speak to a healthcare professional if symptoms feel persistent, disruptive, worsening or difficult to understand. Medical assessment helps rule out other overlapping conditions.",safety,seek_medical_support,safety,active
can people with pcos get pregnant,"Yes. Many people with PCOS do become pregnant naturally, although some may need extra support if ovulation is irregular. Fertility experiences vary widely.",fertility,fertility_with_pcos,fertility,active
does pcos mean infertility,"No. PCOS does not automatically mean infertility. It mainly means ovulation may be less predictable, which can make conception slower for some women.",fertility,fertility_with_pcos,fertility,active
can inositol help pcos,Inositol is frequently discussed in PCOS education because research often explores its relationship with insulin-related processes and cycle support. It should still be approached carefully rather than treated as universal advice.,supplements,inositol_questions,supplements,active
can vitamin d help pcos,Vitamin D is often discussed where deficiency is present because deficiency itself may affect wider health processes. It should not be treated as a standalone solution.,supplements,vitamin_d_questions,supplements,active
is this chatbot medical advice,"HerSignal provides educational information only. It does not replace medical consultation, diagnosis or treatment planning. It is designed to help women understand symptom patterns in a clearer and more supportive way.",safety,not_diagnostic,safety,active
is this a diagnosis,No. HerSignal does not diagnose PCOS. It offers educational symptom interpretation only and encourages professional assessment where symptoms remain unclear or severe.,safety,not_diagnostic,safety,active
what should i do if my symptoms feel severe,"If symptoms feel severe, rapidly worsening, highly distressing or difficult to manage, it is important to seek professional medical support. Educational tools should never delay urgent clinical advice.",safety,seek_medical_support,safety,active
can pcos go away,"PCOS is usually understood as a long-term condition, but its symptoms can change over time and may become more manageable with the right support. Some women notice that certain symptoms improve, shift, or become less intense depending on age, stress, lifestyle patterns, weight changes, or hormonal stage. That does not always mean the condition has disappeared completely, because the underlying hormonal tendency may still remain. HerSignal explains this carefully because many women are told conflicting things when symptoms improve for a while.",basics,pcos_long_term_nature,basics,active
is pcos curable,"PCOS is not usually described as fully curable because it is considered an ongoing hormonal and metabolic condition rather than a short-term illness with one fixed endpoint. However, many women do find that symptoms can be managed well over time with the right combination of support, monitoring, and professional care. Research usually focuses more on symptom management and long-term support than on the idea of a permanent cure. HerSignal presents this in an educational way so that women can build realistic understanding without feeling hopeless.",basics,pcos_long_term_nature,basics,active
can you have pcos without cysts,"Yes. A woman can still have PCOS without visible cysts on an ultrasound scan because diagnosis does not depend on ovarian appearance alone. Clinical assessment usually looks at a wider pattern that may include irregular ovulation, menstrual disturbance, androgen-related symptoms, and sometimes ultrasound findings, but not always all together. This is one reason the name Polycystic Ovary Syndrome can feel misleading. HerSignal explains this because many women assume cysts must always be present when that is not necessarily true.",basics,pcos_without_cysts,basics,active
can you have pcos with regular periods,"Yes. Some women may still show PCOS-related features even when their periods seem fairly regular. In these cases, symptoms such as acne, excess hair growth, scalp hair thinning, ovulation irregularity, or insulin-related changes may still be present. This is part of why PCOS can be difficult to recognise early, because menstrual regularity does not always mean hormones are functioning in a completely balanced way.",basics,pcos_with_regular_periods,basics,active
can pcos cause hair thinning,"PCOS can contribute to scalp hair thinning because hormone changes, especially increased androgen activity or sensitivity, may affect how hair follicles behave over time. Some women notice reduced thickness around the centre parting, increased shedding, or gradual loss of density near the crown rather than obvious bald patches. Hair thinning can feel particularly distressing because it often develops slowly and may be noticed alongside acne or facial hair growth. HerSignal explains this as part of a wider hormonal pattern rather than as proof of diagnosis.",symptoms_hormonal,scalp_hair_thinning,hormonal,active
can pcos cause acanthosis nigricans,"PCOS can be associated with acanthosis nigricans, which refers to darker, thicker-looking patches of skin that often appear around the neck, underarms, groin, or other skin folds. This is commonly discussed in relation to insulin resistance because insulin-related changes may affect skin cell activity over time. Not every woman with PCOS develops this symptom, but when it appears, it can be an important sign that metabolic factors deserve attention. HerSignal includes this as educational context only because skin changes can also have other causes.",symptoms_metabolic,acanthosis_nigricans,metabolic,active
how do i manage pcos,"Managing PCOS usually involves identifying which symptom patterns are affecting you most and responding in a way that feels realistic and sustainable. Support may include tracking cycles and symptoms, improving sleep, reducing chronic stress, supporting blood sugar stability, staying physically active, and seeking medical guidance where needed. Because PCOS affects women differently, management is rarely one-size-fits-all. HerSignal encourages women to understand their patterns more clearly so support can feel more informed and less overwhelming.",management,manage_pcos_basics,management,active
when should i speak to a doctor about pcos,"It is a good idea to speak to a healthcare professional when symptoms feel persistent, disruptive, confusing, or are starting to affect your wellbeing. This may include very irregular or missing periods, worsening acne, increased facial hair, scalp hair thinning, difficulty managing weight, strong fatigue, or fertility concerns. Speaking to a doctor can help rule out other overlapping conditions and support proper investigation. HerSignal is educational only and is not meant to delay clinical advice when symptoms are ongoing.",safety,seek_medical_support,safety,active
does pcos affect fertility,"Yes, PCOS can affect fertility because irregular ovulation may make it harder to predict when an egg is released. In some women ovulation happens less often, while in others it may happen inconsistently, which can make conception timing more difficult. This does not automatically mean infertility, but it can mean that getting pregnant feels less straightforward. Fertility experiences vary, which is why wider hormonal and reproductive assessment matters.",fertility,fertility_with_pcos,fertility,active
can pcos make it harder to get pregnant,"PCOS can make getting pregnant harder for some women mainly because ovulation may be irregular or less predictable. When eggs are not released consistently, conception opportunities may become harder to time. However, many women with PCOS do still become pregnant naturally, while others may need additional support depending on their symptoms and cycle pattern. HerSignal explains this carefully because fertility concerns can feel emotionally heavy and should never be reduced to one simple outcome.",fertility,fertility_with_pcos,fertility,active
can pcos cause infertility,"PCOS can contribute to fertility difficulties in some women, but it does not automatically mean infertility. The main reason fertility may be affected is that ovulation can become irregular, delayed, or absent at times. Many women with PCOS do still conceive, either naturally or with support, so the relationship between PCOS and fertility is important but not absolute. HerSignal presents this in a cautious way because fertility language can easily sound more final than it should.",fertility,fertility_with_pcos,fertility,active
can pcos affect getting pregnant,"PCOS can affect getting pregnant for some women because hormonal disruption may interfere with regular ovulation. If ovulation is inconsistent, it may take longer to conceive or require more cycle monitoring and support. This does not mean pregnancy is impossible, but it does mean the process can feel less predictable for some women. Fertility should always be understood in context rather than through fear.",fertility,fertility_with_pcos,fertility,active
what supplements are used for pcos,"Several supplements are commonly discussed in PCOS education, especially where insulin-related symptoms, inflammation, nutrient deficiency, or menstrual irregularity are being explored. Inositol and vitamin D are among the most frequently mentioned, and some educational discussions also include omega-3, magnesium, or other nutrients depending on wider context. However, supplements are not universal solutions and should not be chosen casually just because they are popular online. HerSignal includes supplement information as educational support only and encourages careful, informed decisions.",supplements,general_supplement_questions,supplements,active
should i take supplements for pcos,"Supplements may be helpful for some women in certain situations, but they should not be treated as automatic answers for everyone with PCOS. The usefulness of a supplement can depend on symptom pattern, dietary intake, possible deficiency, wider health conditions, and any treatment already being used. Because online advice can be overwhelming, it is important to approach supplements carefully rather than assuming more is always better. HerSignal discusses them in an educational way only and does not replace professional advice.",supplements,general_supplement_questions,supplements,active
should i take supplements without speaking to a doctor,"It is usually safer to speak to a qualified healthcare professional before starting supplements, especially if symptoms are complex, you are taking medication, or other health conditions may be involved. Even commonly discussed supplements can affect the body differently depending on dosage, deficiency status, hormone patterns, and overall health. Educational information can be helpful, but it should not replace personalised advice when decisions involve treatment or symptom management.",safety,seek_medical_support,safety,active
what are symptoms of pcos,"PCOS symptoms can appear across several parts of the body because the condition affects hormone regulation, ovulation, metabolism and sometimes inflammatory pathways at the same time. Many women first notice irregular periods, acne, facial hair growth, scalp hair thinning, weight changes, fatigue or difficulty understanding why their body feels different from before. These symptoms happen because underlying hormone signals may become disrupted. For example, increased androgen activity can influence skin oil production and hair growth, while insulin-related changes can affect cravings, energy and weight patterns. Not every woman experiences the same combination, which is why symptom patterns often feel confusing at first.",symptoms_general,pcos_symptom_overview,symptoms_general,active
what symptoms does pcos cause,"PCOS can cause menstrual changes, acne, facial or body hair growth, scalp hair thinning, fatigue, cravings, weight difficulty, mood changes and fertility-related concerns. These symptoms happen because ovarian hormone signalling, insulin response and androgen activity may interact in ways that affect several body systems together. Some women mainly notice visible skin and hair changes, while others experience stronger metabolic symptoms such as tiredness, cravings or difficulty losing weight. Clinical literature describes this variation as one reason PCOS often takes time to recognise clearly.",symptoms_general,pcos_symptom_overview,symptoms_general,active
why does pcos cause symptoms,"PCOS symptoms happen because hormone signals that normally help regulate ovulation, metabolism and reproductive balance do not always work in a coordinated way. Increased androgen activity may affect skin, hair and ovulation, while insulin resistance may influence appetite, cravings, energy and body weight. In some women, low-grade inflammation and stress-related hormone changes may also contribute to how symptoms are felt day to day. This is why symptoms often seem connected even when they appear in different parts of the body.",symptoms_general,pcos_symptom_overview,symptoms_general,active
why do i have cravings with pcos,"Cravings in PCOS are often linked to insulin-related changes. When insulin becomes less effective, the body may produce more of it in order to move glucose into cells. This can create fluctuations in blood sugar, which many women experience as sudden hunger, sugar cravings, tiredness or a need for quick energy foods. Cravings do not mean lack of discipline, because they may reflect underlying metabolic signals rather than simple appetite alone.",symptoms_metabolic,cravings_with_pcos,metabolic,active
why does pcos cause sugar cravings,"Sugar cravings may happen when blood glucose rises and falls unevenly because insulin is not working efficiently. In PCOS this often happens alongside fatigue, mood dips or stronger hunger between meals. Some women notice cravings becoming worse when sleep is poor, meals are irregular, or stress is high, because cortisol can also affect glucose balance.",symptoms_metabolic,cravings_with_pcos,metabolic,active
why does pcos cause weight gain,"Weight gain in PCOS is often linked to insulin resistance, hormone imbalance and metabolic adaptation rather than one simple cause. When insulin levels remain high, the body may store energy more easily and use it less efficiently, which can make weight changes feel difficult to control. Some women also notice stronger cravings, fatigue or reduced energy for movement, which can add to this pattern. This is why weight gain in PCOS is often discussed as biologically influenced rather than purely behavioural.",symptoms_metabolic,weight_changes_with_pcos,metabolic,active
why is it hard to lose weight with pcos,"Weight loss can feel harder with PCOS because insulin resistance may affect how the body uses glucose and stores fat. At the same time, hormone imbalance, fatigue, cravings and stress can influence hunger signals and daily energy patterns. Many women describe making effort without seeing expected results, which is why PCOS-related weight difficulty often feels frustrating. Clinical research increasingly recognises that metabolism in PCOS may respond differently from person to person.",symptoms_metabolic,weight_changes_with_pcos,metabolic,active
does insulin resistance cause facial hair in pcos,"Insulin resistance can indirectly contribute to facial hair growth because higher insulin levels may stimulate the ovaries to produce more androgens. Increased androgen activity can then affect hair follicles in areas such as the chin, jawline and upper lip, where hair becomes darker or more noticeable over time. This is why facial hair in PCOS is often discussed alongside both hormonal and metabolic changes rather than as a skin issue alone.",symptoms_hormonal,excess_hair_growth,hormonal,active
why does pcos cause facial hair,"Facial hair growth in PCOS usually happens because androgen levels, or the body's sensitivity to androgens, influence hair follicles in certain areas of the face. Even when hormone levels are only mildly raised, follicles may respond more strongly in some women than others. This is why chin hair or jawline growth can appear gradually and vary in severity.",symptoms_hormonal,excess_hair_growth,hormonal,active
why does pcos cause acne,"Acne often develops in PCOS because androgen activity can increase oil production in the skin. When more oil combines with blocked pores and local inflammation, breakouts become more likely, especially around the jawline, chin and lower cheeks. Many women notice that acne feels more persistent than ordinary hormonal breakouts because the underlying hormonal pattern continues over time.",symptoms_hormonal,acne_with_pcos,hormonal,active
why does pcos cause hair thinning,"Scalp hair thinning happens because androgen-related hormone changes may shorten the growth phase of scalp hair follicles. Over time this can lead to finer strands, slower regrowth and visible reduction in density, especially around the centre parting or crown. Hair follicles on the scalp and face respond differently, which is why facial hair and scalp thinning can happen together.",symptoms_hormonal,scalp_hair_thinning,hormonal,active
does stress make pcos symptoms worse,"Stress can make PCOS symptoms feel more noticeable because cortisol, the main stress hormone, affects blood sugar balance, appetite regulation, sleep quality and inflammation. When cortisol remains elevated for long periods, some women notice stronger cravings, more fatigue, cycle disruption or worsening acne. Stress does not cause PCOS by itself, but it can intensify how symptoms are experienced.",symptoms_inflammatory,stress_and_pcos,inflammatory,active
can cortisol affect pcos,"Cortisol can influence PCOS symptoms because it affects how the body manages glucose, energy and inflammation. High stress levels may increase fatigue, cravings, poor sleep and emotional strain, all of which can overlap with existing hormonal symptoms. This is one reason symptom management often includes stress support as well as physical symptom awareness.",symptoms_inflammatory,stress_and_pcos,inflammatory,active
why am i always tired with pcos,"Fatigue in PCOS often reflects several overlapping factors rather than one cause alone. Insulin resistance may affect energy stability, hormone imbalance may influence sleep and recovery, and chronic stress may increase cortisol in ways that leave women feeling mentally and physically drained. Because fatigue also overlaps with many other health conditions, it should always be understood in wider context.",symptoms_metabolic,fatigue_with_pcos,metabolic,active
why am i hungry all the time with pcos,"Feeling hungry more often with PCOS can happen when insulin is not working efficiently. When blood sugar rises and falls unevenly, the body may signal hunger sooner, especially after meals that do not keep energy stable for long. Many women describe this as sudden hunger, strong cravings, or feeling unsatisfied even after eating. Stress, poor sleep and hormone fluctuation can make this feel stronger.",symptoms_metabolic,cravings_with_pcos,metabolic,active
why do i keep craving sugar with pcos,"Sugar cravings often happen when blood glucose changes quickly and the body tries to restore energy. In PCOS this is frequently linked to insulin resistance, where insulin levels remain high but cells do not respond efficiently. Some women notice cravings becoming stronger when tired, stressed, or after long gaps without food.",symptoms_metabolic,cravings_with_pcos,metabolic,active
why am i gaining weight even when i am trying,"Weight gain in PCOS can feel frustrating because hormone and metabolic changes may affect how the body stores energy. Insulin resistance can encourage fat storage more easily, while fatigue and cravings may make daily regulation harder even when effort is being made. This is why some women feel they are trying without seeing expected change.",symptoms_metabolic,weight_changes_with_pcos,metabolic,active
why is my lower belly bigger with pcos,"Some women notice more weight or bloating around the lower abdomen when insulin-related symptoms, water retention or cycle-related hormone changes are present. This does not happen in exactly the same way for everyone, but abdominal weight distribution is often discussed in metabolic PCOS patterns.",symptoms_metabolic,weight_changes_with_pcos,metabolic,active
why is my chin hair getting worse,"Chin hair may become more noticeable when androgen-sensitive hair follicles respond strongly to hormone changes. Even small hormone shifts can make hair darker, thicker or more frequent over time. Stress, weight changes and metabolic factors may also influence how strongly this appears.",symptoms_hormonal,excess_hair_growth,hormonal,active
why do i suddenly have chin hair,Sudden chin hair growth can happen when androgen activity increases or when hair follicles become more sensitive to hormone signals. In PCOS this often develops gradually but may feel sudden once it becomes more visible. It is one of the more emotionally noticeable symptoms because facial changes are often seen daily.,symptoms_hormonal,excess_hair_growth,hormonal,active
why is my acne always around my jawline,"Jawline acne is often associated with hormone-related oil production because androgen activity can stimulate sebaceous glands more strongly in this area. In PCOS many women notice breakouts around the chin, jawline and lower cheeks because these areas often reflect hormonal skin response.",symptoms_hormonal,acne_with_pcos,hormonal,active
why is my skin so oily lately,"Oily skin may increase when androgen activity stimulates the skin's oil glands. This can happen alongside acne, enlarged pores or frequent breakouts, especially when hormone fluctuation becomes more noticeable.",symptoms_hormonal,symptoms_hormonal_general,general,active
why is my hair getting thinner at the front,"Hair thinning near the front or centre parting may happen because androgen-related hormone patterns shorten the normal growth phase of scalp hair. Over time strands may regrow finer, making the scalp more visible.",symptoms_hormonal,scalp_hair_thinning,hormonal,active
why am i tired even after sleeping,"Fatigue that continues after sleep can happen when blood sugar regulation, stress hormones, inflammation and hormone imbalance overlap. Some women with PCOS describe waking up tired even after enough hours of sleep because the body still feels metabolically strained.",symptoms_metabolic,fatigue_with_pcos,metabolic,active
why do i feel swollen with pcos,"Feeling swollen can happen when hormone fluctuation, water retention, digestion changes or inflammatory processes overlap. Some women notice this more before periods, after poor sleep, or during times of increased stress.",symptoms_inflammatory,bloating_with_pcos,inflammatory,active
why do i feel bloated all the time,"Persistent bloating may reflect digestion, hormone fluctuation, cycle timing or inflammatory sensitivity. In PCOS bloating is reported by many women, although it is not considered one of the main defining symptoms by itself.",symptoms_inflammatory,bloating_with_pcos,inflammatory,active
why do my symptoms get worse when i am stressed,"Stress can intensify symptoms because cortisol affects blood sugar regulation, inflammation, appetite and sleep quality. When stress remains high, many women notice stronger cravings, acne, fatigue or cycle disruption.",symptoms_inflammatory,stress_and_pcos,inflammatory,active
why do my symptoms change every month,"PCOS symptoms may change across the month because hormone levels are not static. Stress, sleep, ovulation pattern, food intake and cycle timing can all influence how symptoms feel at different times.",symptoms_general,symptoms_general_general,general,active
why do i feel emotional with pcos,"Feeling emotional can happen when hormone fluctuation, fatigue, stress and the emotional burden of ongoing symptoms overlap. Many women describe frustration, low mood or emotional sensitivity when symptoms feel difficult to predict.",management,emotional_wellbeing_with_pcos,management,active
why do i feel low about my body,"Visible symptoms such as acne, facial hair, weight change or scalp thinning can affect confidence, especially when they feel difficult to explain or control. Clinical research increasingly recognises that emotional wellbeing deserves attention alongside physical symptoms in PCOS.",management,emotional_wellbeing_with_pcos,management,active
why do i feel like my body has changed,"Many women with PCOS describe feeling that their body changes in ways they did not expect, especially when symptoms appear gradually across skin, hair, weight or cycles. This often reflects hormonal and metabolic patterns developing over time rather than one sudden cause.",management,emotional_wellbeing_with_pcos,management,active
why do i feel confused about what symptom matters most,"PCOS often presents through several symptoms at once, which is why many women struggle to know which sign matters most. Cycle changes, skin changes, cravings, fatigue and mood may all appear together or at different times, making early understanding difficult.",management,emotional_wellbeing_with_pcos,management,active
why is my period late with pcos,"A late period in PCOS usually happens because ovulation may not occur at the expected time. When the ovaries do not release an egg regularly, hormone signals that normally guide the menstrual cycle become delayed, which means bleeding may also happen later than expected. Some women notice long cycle gaps, while others experience unpredictable timing from month to month.",symptoms_hormonal,period_irregularity,hormonal,active
why do i miss periods with pcos,"Missed periods often happen when ovulation does not occur consistently. Without regular ovulation, the hormonal sequence that usually leads to menstruation becomes disrupted, so bleeding may stop for a time or happen much less often.",symptoms_hormonal,period_irregularity,hormonal,active
why are my periods irregular,"Irregular periods are common in PCOS because hormone signals involved in ovulation may not follow a predictable monthly rhythm. This means cycle length can vary, with some women experiencing short cycles and others noticing long delays between periods.",symptoms_hormonal,period_irregularity,hormonal,active
why do my periods come after many weeks,"When periods arrive after many weeks, it often suggests that ovulation has been delayed or has not happened regularly. In PCOS this can happen because ovarian hormone communication becomes less predictable, which changes when the uterine lining sheds.",symptoms_hormonal,period_irregularity,hormonal,active
why is my cycle always changing,"Cycle timing may change when ovulation happens inconsistently from month to month. Stress, sleep changes, weight fluctuation and wider hormone patterns can all influence how regular the cycle feels.",symptoms_hormonal,period_irregularity,hormonal,active
why is my bleeding different every month,"Bleeding can vary because the uterine lining may build differently depending on how delayed ovulation has been. Some months bleeding may feel lighter, while in other months it may feel heavier or longer.",symptoms_hormonal,period_irregularity,hormonal,active
why is my period very light,"A light period may happen when hormone levels do not build the uterine lining as strongly before bleeding begins. In PCOS this can happen during cycles where ovulation is weak, delayed or absent.",symptoms_hormonal,period_irregularity,hormonal,active
why is my period suddenly heavy,"Heavy bleeding can happen when the uterine lining has built up over a longer time before shedding. If cycles are delayed, the lining may become thicker, which can lead to heavier bleeding once menstruation begins.",symptoms_hormonal,period_irregularity,hormonal,active
why do i spot before my period,Spotting may happen when hormone levels shift unevenly before full bleeding begins. In PCOS this sometimes happens when ovulation timing is unclear or when cycle hormones rise and fall irregularly.,symptoms_hormonal,period_irregularity,hormonal,active
why do i get brown discharge before my period,Brown discharge often means older blood is leaving the body slowly before full bleeding starts. In irregular cycles this can happen when hormone timing is delayed or bleeding begins gradually.,symptoms_hormonal,period_irregularity,hormonal,active
why do my periods disappear for months,"Periods may disappear for months when ovulation is absent for several cycles. Without regular ovulation, the hormonal pattern needed for menstruation may pause or become highly delayed.",symptoms_hormonal,period_irregularity,hormonal,active
why do i feel different before my period every month,"Pre-period symptoms may feel different because hormone fluctuations are not always identical from one cycle to another. Stress, sleep, appetite and ovulation timing can all influence how symptoms are felt each month.",symptoms_hormonal,period_irregularity,hormonal,active
why do i get more acne before my period,Acne often becomes worse before bleeding because hormone shifts can increase oil production in the skin just before menstruation begins. In PCOS this effect may feel stronger when androgen activity is already elevated.,symptoms_hormonal,period_irregularity,hormonal,active
why do cravings get worse before my period,Cravings often increase before a period because hormone shifts can affect appetite signals and blood sugar stability. In women with PCOS this may feel stronger when insulin-related symptoms are already present.,symptoms_metabolic,period_irregularity,hormonal,active
why do i feel more tired before my period,"Fatigue before a period may happen because hormone changes affect energy regulation, sleep quality and blood sugar balance. In PCOS this can overlap with existing fatigue patterns.",symptoms_metabolic,period_irregularity,hormonal,active
why does stress delay my period,"Stress can delay a period because cortisol affects hormone communication between the brain and ovaries. When stress remains high, ovulation may happen later than expected, which shifts the cycle.",symptoms_inflammatory,period_irregularity,hormonal,active
can stress stop my period temporarily,"High stress can temporarily interrupt normal cycle timing because cortisol influences the hormone signals that guide ovulation. This does not always mean PCOS, but stress can intensify existing irregularity.",symptoms_inflammatory,period_irregularity,hormonal,active
what are the rotterdam criteria for pcos,"The Rotterdam criteria are one widely used framework clinicians may use when assessing PCOS. They generally look for a combination of signs such as irregular ovulation or menstrual patterns, clinical or biochemical signs of increased androgen activity, and polycystic-appearing ovaries on ultrasound—while also ruling out other conditions that can mimic PCOS. Not every person meets every feature, and criteria can evolve with guidelines. HerSignal explains this for background only; only a qualified clinician can apply diagnostic rules to you.",basics,ext_rotterdam_criteria,basics,active
what is amh and does it relate to pcos,"Anti-Müllerian hormone (AMH) reflects ovarian reserve—the pool of small follicles the ovaries are carrying. In PCOS, AMH is often higher than average because many small follicles may be present, but AMH is not a standalone PCOS test and it does not diagnose PCOS by itself. It is sometimes used alongside history, examination, and other tests. Your clinician can interpret AMH in context.",basics,ext_amh_pcos,basics,active
can you have pcos if your testosterone blood test is normal,"Yes. Some people with PCOS have clinical signs of androgen excess—such as acne or hirsutism—without a clearly elevated testosterone on a single blood draw. Timing of the test, which androgen markers were measured, and individual sensitivity can all matter. Diagnosis relies on a wider pattern, not one isolated lab value.",symptoms_hormonal,ext_testosterone_normal_pcos,hormonal,active
what is free testosterone versus total testosterone,"Total testosterone measures the hormone circulating in blood overall. Free testosterone refers to the fraction not tightly bound to carrier proteins like SHBG, and some clinicians feel it better reflects activity at tissues. In PCOS discussions both may appear on lab reports, but interpretation belongs with a clinician because assays and timing vary.",basics,ext_free_vs_total_t,basics,active
what is shbg and why is it mentioned with pcos,"Sex hormone-binding globulin (SHBG) is a protein that binds sex hormones and influences how much hormone is ‘free’ or active. Insulin resistance and weight change can lower SHBG, which may change how androgen-related symptoms are expressed or measured. It is one piece of a wider clinical picture.",symptoms_metabolic,ext_shbg_explained,metabolic,active
what is dheas on a blood test,"DHEA-S is an adrenal androgen precursor. Sometimes it is measured when clinicians want to understand whether androgen signs could relate more to adrenal contribution than ovarian contribution. Mild elevations can occur in several situations, so results need clinical interpretation—not online guessing.",basics,ext_dheas_explained,basics,active
can high prolactin be mistaken for pcos,"Elevated prolactin can disrupt ovulation and periods, which might look like PCOS-related irregular cycles from the outside. That is one reason clinicians may check prolactin or review medications and thyroid health when cycles are irregular. Ruling out other causes is a normal part of careful assessment.",basics,ext_prolactin_overlap,basics,active
how is pcos different from thyroid problems,"Thyroid disorders can change periods, weight, energy, mood, and skin. PCOS overlaps some symptoms but involves different hormone pathways centred on ovulation, androgens, and often insulin-related processes. Because symptoms can look alike, thyroid tests are commonly considered when evaluating irregular cycles.",basics,ext_thyroid_vs_pcos,basics,active
what is ha and how is it different from pcos,"Hypothalamic amenorrhea (HA) is loss of periods often linked to low energy availability, high training load, major stress, or low body weight. It can look like ‘missing periods’ similar to PCOS, but the mechanisms differ. Accurate distinction matters for treatment, which is why professional evaluation is important.",basics,ext_ha_vs_pcos,basics,active
can pcos overlap with premature ovarian insufficiency,"They are different conditions: PCOS often involves many small follicles and irregular ovulation, while premature ovarian insufficiency reflects reduced ovarian function and often low oestrogen patterns. Rarely, symptoms can be confusing without testing, so persistent cycle changes should be reviewed clinically rather than self-labelled.",fertility,ext_poi_vs_pcos,fertility,active
why might a doctor order a 17 hydroxyprogesterone test,"This test helps evaluate whether symptoms could relate to non-classic congenital adrenal hyperplasia (CAH), which can sometimes mimic PCOS-related androgen or cycle changes. It is an example of why ‘PCOS-like’ symptoms are not always PCOS until other conditions are considered.",safety,ext_cah_screening,safety,active
what is an oral glucose tolerance test and why is it used,An oral glucose tolerance test (OGTT) measures how blood glucose changes after a controlled sugar drink over several hours. In PCOS care it is sometimes used to assess glucose tolerance and pregnancy-related planning because standard fasting tests may miss some patterns. Whether you need it depends on your clinician and context.,symptoms_metabolic,ext_ogtt_explained,metabolic,active
what does hba1c measure,"HbA1c reflects average blood glucose over roughly the past few months. It is commonly used in metabolic monitoring, but it does not capture every pattern that OGTT might reveal. Your clinician chooses tests based on your history and risk.",symptoms_metabolic,ext_hba1c_explained,metabolic,active
what is homa ir,"HOMA-IR is a calculated estimate sometimes used in research or clinic settings as a proxy for insulin resistance. It is not universally used or perfectly accurate for everyone. If it appears on a report, ask your clinician what it means for you personally.",symptoms_metabolic,ext_homa_ir,metabolic,active
can pcos increase the risk of fatty liver,"PCOS is often discussed alongside metabolic risk factors, and some people may have a higher chance of fatty liver (NAFLD) when insulin resistance and weight patterns are present—but risk is individual. Screening approaches depend on local guidance and your clinician. This is a reason long-term metabolic follow-up can matter.",symptoms_metabolic,ext_nafld_risk,metabolic,active
is sleep apnea more common with pcos,"Some studies suggest people with PCOS may have a higher prevalence of obstructive sleep apnea, especially with insulin resistance and weight change. Poor sleep can worsen fatigue, cravings, and mood. If snoring, gasping, or daytime sleepiness are present, mentioning it to a clinician can be worthwhile.",symptoms_metabolic,ext_sleep_apnea,metabolic,active
why do long gaps between periods matter for womb lining health,"When periods are very infrequent, the uterine lining may be exposed to oestrogen without regular shedding. Over long stretches this can be linked—depending on individual factors—to lining changes that clinicians sometimes monitor. If you go many months without a period, seeking medical advice is sensible; this is not something to ignore ‘because PCOS is common’.",safety,ext_endometrial_long_cycles,safety,active
what is a withdrawal bleed on the pill,"A withdrawal bleed is bleeding that happens during the pill-free or placebo week of combined oral contraceptives. It is not the same as natural ovulatory menstruation for everyone. If you use hormonal contraception, your clinician can explain what bleeding patterns mean in your situation.",symptoms_hormonal,ext_pill_withdrawal_bleed,hormonal,active
can birth control help pcos symptoms,"Combined hormonal contraception is commonly used in clinical care to regulate bleeding patterns and reduce androgen-driven skin symptoms for some people. It is not suitable for everyone (for example certain medical histories), and choices should be personalised. HerSignal does not prescribe; this is general education.",management,ext_birth_control_pcos,management,active
what is metformin often used for in pcos,"Metformin is a medication sometimes used off-label or in specific contexts to improve insulin sensitivity and support metabolic symptoms in PCOS. It can cause gastrointestinal side effects and is not automatically needed for every person. Whether to use it is a medical decision based on labs, symptoms, and goals.",management,ext_metformin_education,management,active
what is spironolactone used for with pcos,"Spironolactone is sometimes prescribed to reduce androgen-driven skin symptoms such as acne or hirsutism in selected cases. It is not safe in pregnancy, requires monitoring, and must be prescribed and supervised by a clinician. Do not start or stop prescription medicines without medical advice.",management,ext_spironolactone_education,management,active
what are ovulation induction medications,"Ovulation induction refers to prescription approaches that aim to help the ovaries release eggs more predictably when trying to conceive. Names you may hear in clinic discussions include letrozole or clomiphene, but protocols differ by country and individual risk. Fertility treatment should always be guided by specialists.",fertility,ext_ovulation_induction,fertility,active
why are ovulation predictor kits unreliable for some people with pcos,"OPKs detect luteinising hormone surges. In PCOS, LH patterns can be higher or more variable across the cycle, which may cause false ‘positive’ readings or confusing patterns. Many people still track them, but results may be easier to interpret alongside clinical monitoring or ultrasound.",fertility,ext_opk_pcos,fertility,active
what is basal body temperature tracking,"Basal body temperature (BBT) tracking records morning temperature to infer whether ovulation likely occurred after the fact. It does not predict ovulation in advance very well and can be influenced by illness, sleep, and travel. It can be a helpful reflection tool for some, but it is not a diagnosis tool.",fertility,ext_bbt_tracking,fertility,active
what does antral follicle count mean on ultrasound,"Antral follicles are small follicles visible early in the cycle. A higher count can be consistent with a polycystic ovarian pattern on imaging, but imaging alone does not diagnose PCOS—context and criteria matter. Ultrasound findings should be interpreted by qualified clinicians.",basics,ext_afc_ultrasound,basics,active
can pelvic ultrasound be uncomfortable,"Some people feel mild discomfort or pressure during a transvaginal ultrasound, while others find it straightforward. If you have pain, vaginismus history, or trauma triggers, telling the sonographer ahead of time can help them adapt the approach. You can ask for breaks or to stop if needed.",safety,ext_ultrasound_comfort,safety,active
is pcos different in teenagers,"Adolescent PCOS assessment can be complicated because normal teen development can temporarily include irregular cycles or acne. Guidelines often emphasise careful evaluation over rushing labels. If you are a teen or parent, paediatric or adolescent gynaecology pathways may be appropriate.",basics,ext_adolescent_pcos,basics,active
does pcos change after menopause,"PCOS tendencies can evolve with age as ovulation becomes less frequent and hormone patterns shift, but metabolic aspects may still matter long term. Experiences vary widely. Ongoing general health follow-up remains relevant even when cycles stop.",basics,ext_menopause_transition,basics,active
can pcos affect libido,"Some people notice changes in sexual desire related to fatigue, mood, body image distress, pain, hormone patterns, or medications. Libido is multifactorial and not something to feel ashamed about. If distressing, discussing with a clinician or counsellor can help identify contributors.",management,ext_libido_pcos,management,active
can pcos cause pain during sex,"Pain with intercourse is not a defining PCOS feature, but it can co-exist with other conditions (for example endometriosis, pelvic floor tension, infection, or dryness). Persistent pain deserves medical assessment rather than assuming it is ‘just PCOS’.",safety,ext_dyspareunia,safety,active
what is the link between pcos and endometriosis,"PCOS and endometriosis are different conditions, but some people have both. Endometriosis may cause painful periods, deep pain, or bowel symptoms, while PCOS may dominate cycle irregularity or androgen symptoms. If pain is severe or progressive, seek evaluation.",symptoms_inflammatory,ext_endometriosis_comorbidity,inflammatory,active
can fibroids cause heavy bleeding if i also have pcos,"Uterine fibroids can contribute to heavy or prolonged bleeding. PCOS can also change bleeding patterns through irregular ovulation. If bleeding is heavy enough to cause dizziness, shortness of breath, or flooding, seek urgent medical care.",safety,ext_fibroids_bleeding,safety,active
what is gestational diabetes and why is screening discussed,Gestational diabetes is glucose intolerance that begins during pregnancy. People with PCOS may be offered earlier or additional screening because insulin-related risk can be higher in some pregnancies. Screening protocols depend on local guidance and your care team.,fertility,ext_gdm_screening,fertility,active
should i take folic acid if trying to conceive with pcos,Folic acid supplementation is commonly recommended before conception and in early pregnancy to support neural tube development in many guidelines. The right dose and formulation can depend on medical history and local advice. Ask a clinician or pharmacist for personalised guidance.,fertility,ext_folic_acid_ttc,fertility,active
what is iui in simple terms,"Intrauterine insemination (IUI) places prepared sperm into the uterus around the time of ovulation. It is one fertility pathway that may be considered depending on sperm factors, tube health, ovulation support needs, and clinic criteria. It is not guaranteed success and requires specialist oversight.",fertility,ext_iui_explained,fertility,active
when is ivf discussed for pcos,"IVF may be considered when ovulation induction has not worked, when there are additional fertility factors, when time-sensitive goals exist, or when clinically indicated. PCOS does not automatically mean IVF, but fertility journeys vary. A specialist can explain options without pressure.",fertility,ext_ivf_when,fertility,active
does pcos mean i will miscarry,"PCOS is sometimes studied in relation to pregnancy outcomes, but many people with PCOS have healthy pregnancies. If you have repeated pregnancy loss or specific risk factors, your obstetric team may suggest targeted monitoring. Avoid catastrophic thinking based on headlines; ask your clinician for your personal context.",fertility,ext_miscarriage_anxiety,fertility,active
can breastfeeding affect periods with pcos,"Breastfeeding can suppress ovulation for some people, which may pause periods temporarily. If cycles return, they may still be irregular with PCOS. Any unusual bleeding after birth should be discussed with a clinician.",fertility,ext_breastfeeding_cycles,fertility,active
what is pmdd and can it overlap with pcos,"Premenstrual dysphoric disorder (PMDD) involves severe mood symptoms in the late luteal phase. Hormone sensitivity may play a role, and people with PCOS can also have PMDD—but they are not the same thing. If mood swings feel disabling, seek mental health and gynaecology support.",management,ext_pmdd_overlap,management,active
is it normal to feel anxious while waiting for answers,"Yes. Uncertainty, symptom fluctuation, and long waits can increase anxiety. Breathing techniques, sleep routines, counselling, and peer support can help, but persistent anxiety deserves professional mental health support—not only ‘lifestyle tips’.",management,ext_diagnostic_anxiety,management,active
how can i prepare for a gynaecology appointment,"Write down: cycle dates, symptom changes, medications and supplements, family history, and your top three questions. Bring photos of skin or hair changes if helpful. If you feel dismissed, you can ask what criteria were used and what next investigations might clarify the picture.",management,ext_appointment_prep,management,active
what is a second opinion and when is it reasonable,"A second opinion means seeing another qualified clinician to review your history and tests. It can be reasonable if diagnosis feels unclear, symptoms worsen despite treatment, or you want confirmation before major decisions. It is a normal part of healthcare navigation.",safety,ext_second_opinion,safety,active
can intermittent fasting help pcos,"Some people experiment with time-restricted eating, but evidence in PCOS is mixed and fasting can be risky for some (for example eating disorder history, pregnancy, certain medications). If you want to try structured eating patterns, discuss safety with a clinician or dietitian first.",management,ext_intermittent_fasting,management,active
is a low carb diet required for pcos,"No single diet is required for everyone. Some people feel better with more protein and fibre and fewer refined carbohydrates because it can support steadier energy, but extremes are not automatically better. Sustainable patterns beat short harsh rules.",management,ext_low_carb_myth,management,active
what is berberine and why is it discussed online,"Berberine is a compound studied in some metabolic contexts and sometimes discussed alongside insulin sensitivity. Evidence quality and safety vary, and it can interact with medicines. Treat online hype cautiously and involve a clinician before starting.",supplements,ext_berberine,supplements,active
what is nac supplement,N-acetylcysteine (NAC) is an antioxidant sometimes explored in PCOS research for metabolic or ovulation-related outcomes. It is not a proven universal treatment and can cause side effects or interactions. Decisions should be clinician-guided.,supplements,ext_nac_supplement,supplements,active
does spearmint tea reduce facial hair,"Small studies have explored spearmint tea and androgen-related signs, but evidence is limited and not a replacement for medical care. If you enjoy herbal tea, it is unlikely to be harmful in moderation for most people, but keep expectations realistic.",supplements,ext_spearmint_tea,supplements,active
can magnesium help sleep or cravings,"Magnesium plays many roles in the body. Some people with low intake feel modest benefits for sleep or muscle relaxation when deficiency is addressed, but magnesium is not a PCOS cure. Dosing and forms vary; ask a clinician if you take medications.",supplements,ext_magnesium_general,supplements,active
is zinc important for skin and hormones,"Zinc contributes to skin repair and immune function and is sometimes discussed in acne education. Supplementation should not be guessed at high doses long term. Food sources include meat, legumes, seeds, and whole grains for many diets.",supplements,ext_zinc_general,supplements,active
what does omega 3 do,"Omega-3 fats are discussed in general anti-inflammatory nutrition. They may support cardiovascular health contexts, but they are not a standalone PCOS treatment. Food sources include oily fish; supplements vary in quality.",supplements,ext_omega3_general,supplements,active
should i stop dairy for pcos,"Dairy is not universally harmful or universally required to remove. Some people tolerate dairy well; others feel better with adjustments. If you suspect intolerance, a structured approach with a dietitian can help rather than strict elimination based on social media alone.",management,ext_dairy_pcos,management,active
does soy cause pcos to worsen,"Soy contains phytoestrogens, but typical dietary amounts are not established as harmful for PCOS in broad populations. If you have thyroid disease, discuss soy timing with your clinician, especially with levothyroxine absorption.",management,ext_soy_phytoestrogens,management,active
can continuous glucose monitors be educational,"CGMs measure interstitial glucose trends and can help some people understand meals, sleep, and stress responses. They are tools, not moral judgments about food. Access and indications vary, and interpretation should involve clinicians when used for medical decisions.",symptoms_metabolic,ext_cgm_educational,metabolic,active
why might iron levels be checked with fatigue,"Iron deficiency anaemia can cause fatigue and breathlessness that overlaps with PCOS-related tiredness. Clinicians may check iron studies when symptoms suggest it, because treating the wrong assumption can delay help.",symptoms_metabolic,ext_iron_fatigue,metabolic,active
can vitamin b12 deficiency mimic brain fog,"B12 deficiency can cause fatigue, tingling, mood changes, and cognitive fog. These symptoms overlap with many issues, including poor sleep and stress. If you are vegan or have absorption risk factors, testing may be especially relevant.",symptoms_metabolic,ext_b12_brain_fog,metabolic,active
what is a ruptured ovarian cyst and when is pain an emergency,"A cyst can sometimes leak or rupture, causing sudden sharp pelvic pain. Mild discomfort may settle, but severe pain, fainting, shoulder tip pain, fever, or heavy internal bleeding signs need urgent emergency care. Do not rely on apps to rule this out.",safety,ext_cyst_rupture_emergency,safety,active
what is mittelschmerz,"Mittelschmerz is one-sided ovulation pain that some people notice mid-cycle. It can be normal for them, but new severe pain should still be assessed to rule out other causes.",symptoms_hormonal,ext_mittelschmerz,hormonal,active
can laser hair removal help hirsutism,Laser can reduce hair growth for some people by targeting pigment in hair follicles. It may work less well for very light hair and usually requires multiple sessions. It is a cosmetic approach and does not replace medical evaluation of hormone drivers.,management,ext_laser_hair_removal,management,active
how does electrolysis differ from laser,"Electrolysis treats individual hairs and can be effective for lighter hairs where laser may struggle, but it is slower and can be more uncomfortable. Choosing between options depends on skin tone, hair colour, cost, and access to trained providers.",management,ext_electrolysis,management,active
what is minoxidil for scalp thinning,Minoxidil is a topical treatment sometimes used for androgen-related hair thinning under clinical guidance. It takes months to judge benefit and is not suitable for everyone (for example pregnancy). Do not start prescription-strength plans without a clinician.,management,ext_minoxidil_education,management,active
should i see a dermatologist for acne with pcos,"Dermatologists can help with skin-directed treatments, while gynaecologists or endocrinologists may address hormone drivers. Many people benefit from coordinated care, especially if acne is scarring or resistant.",management,ext_derm_acne,management,active
what is red s and how does it relate to athletes,"Relative energy deficiency in sport (RED-S) happens when training and under-fuelling disrupt hormones, bones, and metabolism. It can cause lost periods that resemble PCOS-related irregularity, but the cause differs. Athletes with cycle loss should seek specialist evaluation.",safety,ext_reds_athlete,safety,active
can pcos affect gender affirming hormone care,PCOS and gender diversity can intersect in nuanced ways. Some transmasculine people on testosterone still benefit from metabolic monitoring; some trans feminine people have PCOS histories that affect discussions with endocrinology. Seek affirming clinicians experienced in both areas.,management,ext_trans_hormones_pcos,management,active
where can i find peer support for pcos,"Many regions have PCOS charities, online communities, and patient groups. Peer support can reduce isolation, but it is not medical advice—verify claims and bring questions to your clinician.",management,ext_peer_support,management,active
how do i track symptoms without becoming obsessive,"A simple weekly note—sleep, stress, cycle day, skin, cravings, energy—can be enough. If tracking increases anxiety or feeds disordered eating, pause and seek support. Tools should serve you, not rule you.",management,ext_tracking_balance,management,active
what is a haemoglobin test for,"Haemoglobin helps assess anaemia. Heavy or irregular bleeding can contribute to low iron or anaemia over time. If you feel faint, very pale, or unusually breathless, seek medical advice.",symptoms_metabolic,ext_haemoglobin,metabolic,active
why might liver enzymes be checked,"Liver enzymes may be monitored in some metabolic assessments or before certain medications. They are not PCOS-specific, but metabolic health is often considered holistically in longer-term care.",symptoms_metabolic,ext_liver_enzymes,metabolic,active
can statins be relevant in pcos discussions,Cardiovascular risk discussions sometimes include cholesterol management in broader primary care. Whether statins or other therapies apply is individual and age- and risk-based. This is not something to self-start from general reading.,safety,ext_statins_general,safety,active
what is blood pressure monitoring for,"Blood pressure is part of general cardiometabolic health. PCOS is sometimes associated with higher blood pressure risk in some studies, but individual readings matter most. Home monitoring can help if your clinician recommends it.",symptoms_metabolic,ext_blood_pressure,metabolic,active
can migraines worsen around hormone shifts,"Some people notice migraine linked to oestrogen drops or cycle changes. If headaches are severe, new, or associated with neurological symptoms, seek urgent care. Hormone fluctuation is one of many triggers.",symptoms_inflammatory,ext_migraine_hormones,inflammatory,active
what is insulin sensitivity in plain language,"Insulin helps move glucose into cells for energy. When tissues respond less well, the body may compensate with more insulin. That state is often called insulin resistance and may relate to cravings, fatigue, and metabolic risk in some people with PCOS.",symptoms_metabolic,ext_insulin_sensitivity_plain,metabolic,active
why do some people bruise easily on metformin,"Metformin is not classically a ‘bruising drug,’ but if nutrition, B12 absorption, or platelet issues are present, bruising should be discussed with a clinician. Do not ignore new bruising with fatigue or bleeding.",safety,ext_metformin_bruising_note,safety,active
can antibiotics affect my cycle,"Illness and antibiotics can sometimes disrupt cycles indirectly through stress, gut symptoms, or interactions with hormonal contraception (enzyme-inducing antibiotics are uncommon but important exceptions). If contraception reliability is a concern, ask a pharmacist or clinician promptly.",symptoms_hormonal,ext_antibiotics_cycle,hormonal,active
can illness temporarily change my periods,Acute illness and inflammation can delay ovulation and shift bleeding timing for a cycle or two. Persistent irregularity still deserves review if it continues.,symptoms_inflammatory,ext_infection_cycle_shift,inflammatory,active
what is cycle day testing,"Some hormone tests are interpreted relative to cycle day (often early in the cycle). If you rarely bleed, clinicians may use other protocols or progestin-induced bleeding schedules. Follow the instructions you are given for timing.",fertility,ext_cycle_day_testing,fertility,active
what is a progesterone blood test for,"A progesterone level may help assess whether ovulation likely occurred in a given cycle, depending on timing. It is not perfect alone and must be interpreted by a clinician.",fertility,ext_progesterone_test,fertility,active
can pcos affect egg freezing discussions,"Egg freezing is an option some people explore for age-related fertility decline or medical reasons. PCOS may mean more follicles visible on scans, but egg quality and stimulation risks are individual. Fertility clinics assess safety and protocol.",fertility,ext_egg_freezing_pcos,fertility,active
what does chemical pregnancy mean,"Chemical pregnancy usually describes a very early pregnancy loss detected by hormones or tests before ultrasound confirmation. It can be emotionally painful. If recurrent, clinicians may suggest evaluation.",fertility,ext_chemical_pregnancy,fertility,active
why might someone need progesterone in early pregnancy,Progesterone support is sometimes used in specific pregnancy situations when a clinician identifies a reason. It is not something to self-prescribe from online stories. Always follow obstetric guidance.,fertility,ext_progesterone_pregnancy_note,fertility,active
can nausea be a side effect of pcos medications,"Many medicines used in PCOS care can cause nausea or digestive upset, especially when starting doses. Persistent vomiting, dehydration, or severe pain should be reviewed urgently.",safety,ext_medication_nausea,safety,active
what is a lipid panel,"A lipid panel measures cholesterol and triglycerides and is part of cardiometabolic risk assessment in many adults. How often it is checked depends on age, family history, and overall health.",symptoms_metabolic,ext_lipid_panel,metabolic,active
can pcos affect body image in relationships,Visible symptoms and fertility stress can affect intimacy and self-esteem. Honest communication with partners and counselling can help. You deserve support that does not minimise your experience.,management,ext_relationships_body_image,management,active
is it okay to ask for a female clinician,"Many services allow reasonable requests when available, though staffing may limit options. If trauma history makes examinations difficult, ask about adaptations, chaperones, smaller speculums, or stepwise care.",management,ext_clinician_preference,management,active
what is a chaperone during an exam,A chaperone is a trained staff member present during intimate examinations to support patient and clinician comfort and professionalism. You can ask whether one is available if it helps you feel safer.,management,ext_chaperone_exam,management,active
can melatonin affect hormones,"Melatonin supports sleep timing for some people, but it is a hormone-like signal and may not suit everyone. Discuss use in pregnancy, fertility treatment timing, and interactions with your clinician.",supplements,ext_melatonin_hormones,supplements,active
what is inositol ratio myo to d chiro,Some supplement products combine myo-inositol and D-chiro-inositol. Research discussions vary by ratio and population. Quality and dosing differ widely; clinician input helps avoid expensive guesswork.,supplements,ext_inositol_ratio,supplements,active
can probiotics help pcos,"Gut health is popular online, but probiotics are not established as a core PCOS treatment. They may be reasonable for specific digestive issues if a clinician agrees. Be wary of miracle claims.",supplements,ext_probiotics_pcos,supplements,active
what is mindful eating,"Mindful eating focuses on hunger cues, satisfaction, and reducing shame around food. It can help some people with binge-craving cycles, especially alongside professional eating-disorder screening when needed.",management,ext_mindful_eating,management,active
can caffeine worsen anxiety or palpitations with pcos,"Caffeine sensitivity varies. If you notice palpitations, panic, or poor sleep, reducing caffeine is a reasonable experiment. Persistent palpitations deserve medical review.",symptoms_metabolic,ext_caffeine_anxiety,metabolic,active
does alcohol affect blood sugar,"Alcohol can affect glucose regulation and may interact with medications like metformin. Heavy drinking also worsens sleep and mood. If you drink, discuss safe limits with your clinician, especially if pregnant or trying to conceive.",management,ext_alcohol_glucose,management,active
why is smoking especially discouraged with hormonal risk,"Smoking increases cardiovascular risk and can worsen some medication risks. For people already discussing metabolic risk, quitting smoking is one of the highest-impact health steps.",safety,ext_smoking_cardiovascular,safety,active
what is a haemorrhagic ovarian cyst,"A haemorrhagic cyst contains blood products and can cause pain. Many resolve with monitoring, but severe symptoms need urgent assessment. Imaging follow-up may be recommended.",safety,ext_haemorrhagic_cyst,safety,active
can constipation make bloating worse,"Digestive sluggishness can increase bloating discomfort. Fibre, fluids, movement, and medical review for persistent change all matter. Bloating with weight loss or blood in stool needs prompt evaluation.",symptoms_inflammatory,ext_constipation_bloating,inflammatory,active
what is sibo and is it the same as pcos bloating,"SIBO refers to bacterial overgrowth in the small intestine and is a different diagnosis from PCOS. Some symptoms overlap with bloating, so persistent digestive issues may need targeted evaluation rather than assuming PCOS alone.",symptoms_inflammatory,ext_sibo_not_pcos,inflammatory,active
can pcos cause nipple discharge,"Nipple discharge can have many causes including medication, thyroid issues, prolactin changes, or breast conditions. It should be reported to a clinician, especially if spontaneous, bloody, or one-sided.",safety,ext_nipple_discharge,safety,active
can pcos cause voice changes,Marked voice deepening is not a typical everyday PCOS symptom for most people. New voice changes merit medical evaluation rather than assuming hormones without testing.,safety,ext_voice_change,safety,active
what is clitoromegaly and when to seek care,"Clitoromegaly means enlargement of the clitoris, which can relate to androgen exposure over time in some contexts. If you notice sudden or progressive changes, seek clinical assessment with sensitivity and privacy.",safety,ext_clitoromegaly_care,safety,active
can pcos affect skin tags,"Skin tags are common in the general population and may be more frequent with insulin resistance in some people, but they are not diagnostic. Sudden many new skin lesions should be reviewed.",symptoms_metabolic,ext_skin_tags,metabolic,active
what is acanthosis nigricans self care,"Medical assessment comes first. Gentle skin care, friction reduction, and addressing metabolic contributors discussed with your clinician may help appearance over time. Avoid harsh bleaching products without guidance.",symptoms_metabolic,ext_acanthosis_selfcare,metabolic,active
can heat worsen inflammation symptoms,"Some people feel worse in heat or with poor sleep during hot weather. Staying hydrated, cooling strategies, and pacing activity can help. Severe swelling or redness of one leg needs urgent care (clot concern).",symptoms_inflammatory,ext_heat_inflammation,inflammatory,active
